{
  "project_info": {
    "project_number": "972338989654",
    "project_id": "prelimexamreyes",
    "storage_bucket": "prelimexamreyes.appspot.com"
  },
  "client": [
    {
      "client_info": {
        "mobilesdk_app_id": "1:972338989654:android:a3e4cecfab6ace762109f7",
        "android_client_info": {
          "package_name": "ph.edu.uic.login_sample"
        }
      },
      "oauth_client": [],
      "api_key": [
        {
          "current_key": "AIzaSyAeBtWAmblizjNt8EltZXMYXjkvhZcd7VE"
        }
      ],
      "services": {
        "appinvite_service": {
          "other_platform_oauth_client": []
        }
      }
    },
    {
      "client_info": {
        "mobilesdk_app_id": "1:972338989654:android:5887afee97294a6b2109f7",
        "android_client_info": {
          "package_name": "ph.edu.uic.loginsample"
        }
      },
      "oauth_client": [],
      "api_key": [
        {
          "current_key": "AIzaSyAeBtWAmblizjNt8EltZXMYXjkvhZcd7VE"
        }
      ],
      "services": {
        "appinvite_service": {
          "other_platform_oauth_client": []
        }
      }
    }
  ],
  "configuration_version": "1"
}